{"epoch": 1, "accuracy": 0.9994908886626171, "f1_score": 0.8397790055248618, "_timestamp": 1679086073.155459, "_runtime": 487.8303368091583, "_step": 1, "_wandb": {"runtime": 706}}