{"epoch": 0, "accuracy": 0.9994908886626171, "f1_score": 0.8397790055248618, "_timestamp": 1679086546.0881705, "_runtime": 249.31698656082153, "_step": 1, "final_accuracy": 0.9994908886626171, "final_f1_score": 0.8397790055248618, "_wandb": {"runtime": 247}}