{"epoch": 99, "accuracy": 0.9751588778483902, "f1_score": 0.10158730158730159, "_timestamp": 1679088026.4944494, "_runtime": 21.55954146385193, "_step": 99, "_wandb": {"runtime": 20}}